Title,Address,Price,Bedrooms,Building Area (m²),Land Area (m²),rejection_reason
rumah mewah ready stock new alicante tanpa dp," gading serpong, tangerang","rp 5,81m",54.0,188m²,250m²,Impossible bedroom density; 
"dijual rumah shm 1 lantai di sektor 7a, gading serpong, tangerang"," gading serpong, tangerang","rp 1,95m",3.0,1m²,162m²,Impossible bedroom density; Unrealistically high price for building area; 
"rumah siap huni + garasi dan lokasi strategis di cikupa, tangerang"," cikupa, tangerang",rp 650jt,3.0,1m²,90m²,Impossible bedroom density; Unrealistically high price for building area; 
beli rumah dapat motor tanpa di undi promo 2.5 juta ," cikupa, tangerang",rp 185jt,2.0,185000000.0m²,60m²,Impossible building-to-land ratio; 
dijual rumah di tangerang suvarna sutera  cluster elysia," cikupa, tangerang","rp 2,85m",4.0,2165m²,180m²,Impossible building-to-land ratio; 
dijual dan sewa pabrik hadap utara lokasi dikws bonen  cikupa - tanger," cikupa, tangerang","rp 1,60m",3.0,3000m²,4500m²,Unrealistically low price for land area; 
dijual rumah kost 2 lantai di cluster citra raya tangerang," cikupa, tangerang","rp 2,30m",13.0,108m²,90m²,Impossible bedroom density; 
rumah 2 lantai citra raya cluster aurora dekat sekolah citra berkat," cikupa, tangerang","rp 1,30m",32.0,93m²,105m²,Impossible bedroom density; 
dijual rumah suvarna sutera 8x20 cluster daru. siap huni   termurah  ,"jalan suvarna sutera boulevard, tangerang kabupaten, indonesia cikupa, tangerang","rp 1,75m",43.0,115m²,160m²,Impossible bedroom density; 
dijual rumah uk 6x11mtr siap huni di green village boulevard cipondoh," cipondoh, tangerang","rp 1,33m",3.0,816m²,66m²,Impossible building-to-land ratio; 
poris indah rumah baru lt 60m 2 lantai full,"perumahan poris indah  cipondoh, tangerang","rp 1,25m",3.0,2m²,60m²,Impossible bedroom density; Unrealistically high price for building area; 
"turun harga rumah di green lake city luas 10x18 2,5 lantai shm"," cipondoh, tangerang","rp 5,30m",4.0,2m²,180m²,Impossible bedroom density; Unrealistically high price for building area; 
dijual rumah di cluster viola. banjar wijaya,"banjar wijaya, cipete kel., pinang, tangerang kota, 15142, indonesia cipondoh, tangerang",rp 2m,4.0,2m²,126m²,Impossible bedroom density; Unrealistically high price for building area; 
rumah hoek baru taman royal 1 lt baru ceper dekat poris lt 271 m2  neg,"taman royal cipondoh, tangerang","rp 2,85m",5.0,160m²,100000000m²,Unrealistically low price for land area; 
rumah hoek 2 lt di banjar wijaya lt 128 m2 lb 140 m2 ada 4+1 kt 4 km ,"banjar wijaya cipondoh, tangerang","rp 2,50m",5.0,128m²,100000000m²,Unrealistically low price for land area; 
"rumah 2 lt di banjar wijaya 6,3 x 18m2 lt 120 m2 ada 4 kt 3 km shm ","banjar wijaya cipondoh, tangerang",rp 2m,4.0,120m²,10000000m²,Unrealistically low price for land area; 
di jual rumah strategis,"green lake city, cipondoh, tangerang kota, indonesia cipondoh, tangerang","rp 2,70m",4.0,96.0m²,1m²,Impossible building-to-land ratio; 
dijual rumah dg vieuw golf," cipondoh, tangerang","rp 4,20m",4.0,25m²,220m²,Impossible bedroom density; Unrealistically high price for building area; 
cluster leonora summarecon serpong sisa 2 unit siapa cepat dia dapat," karawaci, tangerang","rp 2,45m",33.0,125m²,72m²,Impossible bedroom density; 
"rumah joglo jawa, ori kuno antik unik komplit gebyok tumpangsari teras"," karawaci, tangerang","rp 394,70jt",1.0,100m²,1m²,Impossible building-to-land ratio; 
rumah murah perumnas 2 karawaci kota tangerang," karawaci, tangerang",rp 589jt,43.0,100m²,72m²,Impossible bedroom density; 
dijual murah rumah 4 kamar baru renovasi di harkit karawaci tangerang ,"perumahan harapan  kita karawaci, tangerang",rp 820jt,4.0,1m²,112m²,Impossible bedroom density; Unrealistically high price for building area; 
jual rumah cendana spring lippo karawaci," karawaci, tangerang","rp 1,25m",2.0,5m²,65m²,Impossible bedroom density; Unrealistically high price for building area; 
perumahan palem semi,"perumahan palem semi karawaci, tangerang","rp 1,50m",32.0,120m²,150m²,Impossible bedroom density; 
rumah cantik mewah di karawaci taman himalaya tanah besar,"taman himalaya karawaci karawaci, tangerang","rp 3,90m",34.0,230m²,300m²,Impossible bedroom density; 
 dijual rumah mewah di lippo karawaci dengan arsitektur klasik & taman," karawaci, tangerang",rp 60m,6.0,1m²,1593m²,Impossible bedroom density; Unrealistically high price for building area; 
jual rumah show unit berikut furnis ," karawaci, tangerang","rp 1,90m",2.0,5m²,84m²,Impossible bedroom density; Unrealistically high price for building area; 
cendana essence tahap1 over kredit 50jt," karawaci, tangerang",rp 50jt,3.0,68m²,74m²,Unrealistically low price for land area; 
dijual cepat rumah taman ubud permata timur lokasi strategis," karawaci, tangerang","rp 1,30m",3.0,1m²,90m²,Impossible bedroom density; Unrealistically high price for building area; 
kosan 8 pintu di perumnas karawaci," karawaci, tangerang",rp 450jt,8.0,80m²,90m²,Impossible bedroom density; 
rumah 1 lantai pinggir jalan raya," karawaci, tangerang",rp 650jt,3.0,0m²,60m²,Impossible bedroom density; Unrealistically high price for building area; 
dijual cendana icon lippo ," karawaci, tangerang","rp 1,50m",2.0,55.0m²,9033m²,Unrealistically low price for land area; 
dijual murah perumahan kvaling agratia nusa jaya karawaci tangerang," karawaci, tangerang","rp 765,50jt",2.0,1m²,93m²,Impossible bedroom density; Unrealistically high price for building area; 
rumah di cluster louise gading serpong ," pagedangan, tangerang","rp 4,68m",5.0,3237m²,150m²,Impossible building-to-land ratio; 
dijual rumah di foresta cluster foglio bsd city," pagedangan, tangerang","rp 3,10m",33.0,140m²,144m²,Impossible bedroom density; 
rumah zuma malibu dengan furnish di lokasi ramai gading serpong,"jalan malibu village-decker, cijantra kel., pagedangan, tangerang kabupaten, 15854, indonesia pagedangan, tangerang","rp 1,80m",2.0,74m²,1m²,Impossible building-to-land ratio; 
dijual rumah assana vanya park bsd 2kt semi furnished ," pagedangan, tangerang","rp 1,35m",2.0,4m²,60m²,Impossible bedroom density; Unrealistically high price for building area; 
cluster the blizfield bsd city,"pjcj+499, lengkong kulon, pagedangan, tangerang regency, banten 15331 pagedangan, tangerang",rp 9m,45.0,248m²,241m²,Impossible bedroom density; 
"rumah siap huni, full furnish at alesha house vanya park bsd"," pagedangan, tangerang","rp 1,30m",4.0,30m²,90m²,Impossible bedroom density; 
"jual cepat rumah brand new siap huni di bsd, nego sampai deal","bsd pagedangan, tangerang","rp 3,80m",4.0,1m²,98m²,Impossible bedroom density; Unrealistically high price for building area; 
"dijual rumah mewah the avani bsd city, terdapat kolam renang, brand new"," cisauk, tangerang","rp 6,25m",4.0,3000m²,234m²,Impossible building-to-land ratio; 
jual rugi rumah depan taman semi furnished siap huni di golden park 2 ,"golden park 2 - tangerang cisauk, tangerang",rp 1.000jt,4.0,70m²,90m²,Unrealistically low price for land area; 
naira residence lake view dekat stasiun dan intermoda," cisauk, tangerang",rp 898jt,3.0,5m²,60m²,Impossible bedroom density; Unrealistically high price for building area; 
rumah di citra garden serpong cluster elaia ," cisauk, tangerang","rp 1,80m",34.0,111m²,96m²,Impossible bedroom density; 
rumah dijual samping jalan,"jalan raya batok desa babakan dekat stasiun cilejit  cisauk, tangerang",rp 185jt,2.0,36m²,1647m²,Unrealistically low price for land area; 
rumah american classic di gading serpong," tangerang, tangerang","rp 3,70m",5.0,190m²,2m²,Impossible building-to-land ratio; 
"dijual kost baru 33 kamar full furnished, dekat tangcity mall"," tangerang, tangerang","rp 8,90m",33.0,287m²,224m²,Impossible bedroom density; 
rumah kost kosan 4lantai luas 224m tangerang banten," tangerang, tangerang","rp 8,90m",33.0,8587m²,224m²,Impossible building-to-land ratio; 
puri jaya rumah nyaman banyak promo,"jl. raya  puri jaya pasar kemis tangerang tangerang, tangerang",rp 500jt,2.0,46m²,60500m²,Unrealistically low price for land area; 
"rumah modern waterfront residence, type cedar","modernland bavaria, babakan kel., tangerang, tangerang kota, 15118, indonesia tangerang, tangerang","rp 3,06m",3.0,3110m²,105m²,Impossible building-to-land ratio; 
dijual rumah renovasi baru – komplek nusaloka bsd city," tangerang, tangerang","rp 1,45m",2.0,980m²,72m²,Impossible building-to-land ratio; 
rumah american classic di lippo village harga 4 miliaran,"lippo village tangerang, tangerang","rp 4,30m",5.0,190m²,2m²,Impossible building-to-land ratio; 
jual apartemen murah furnished di apartemen sky house bsd tangerang,"jalan bsd raya utama, tangerang kabupaten, indonesia tangerang, tangerang",rp 750jt,1.0,2974m²,2974m²,Unrealistically low price for land area; 
186. dijual rumah siap huni + 1 kontrakan 12 pintu di ulujami jaksel,"jalan perdatam i rt 007 rw 005 # 2 ulujami, rt.9/rw.5, ulujami, jakarta selatan, dki jakarta, daerah khusus ibukota jakarta 12250 cipulir, jakarta selatan",rp 6m,14.0,1m²,900m²,Impossible bedroom density; Unrealistically high price for building area; 
"kemang timur, dijual rumah mewah turun harga, bebas banjir"," kemang, jakarta selatan",rp 46m,4.0,180m²,318m²,Unrealistically high price for building area; 
rumah kost mampang bangka 28 kamar 4 lantai," mampang prapatan, jakarta selatan",rp 6m,5.0,1m²,107m²,Impossible bedroom density; Unrealistically high price for building area; 
rumah pancoran 531mtr posisi bagus bisa beli sebagian," pancoran, jakarta selatan",rp 10m,1.0,1m²,531m²,Impossible bedroom density; Unrealistically high price for building area; 
jual cepat 2 rumah 400mtr tebet gudang peluru," tebet, jakarta selatan","rp 8,10m",1.0,1m²,400m²,Impossible bedroom density; Unrealistically high price for building area; 
rumah kost produktif setiabudi pm guntur akses motor 2 lantai," setiabudi, jakarta selatan","rp 2,80m",7.0,100m²,1m²,Impossible building-to-land ratio; 
rumah 749mtr gudang peluru raya tebet jual cepat hitung tanah," tebet, jakarta selatan",rp 20m,1.0,1m²,749m²,Impossible bedroom density; Unrealistically high price for building area; 
rumah kost 20kt luas 192mtr setiabudi jaksel rasuna," setiabudi, jakarta selatan",rp 7m,20.0,1m²,192m²,Impossible bedroom density; Unrealistically high price for building area; 
rumah dijual di jagakarsa dalam cluster akses 2 mobil strategis,"jl jagakarsa jagakarsa, jakarta selatan","rp 2,35m",4.0,8200m²,83m²,Impossible building-to-land ratio; 
rumah daerah jakarta selatan dekat polda,"jalan profesor doktor satrio, setiabudi, south jakarta, jakarta kuningan, jakarta selatan",rp 15jt,4.0,50m²,100m²,Unrealistically low price for land area; 
rumah di cipete cilandak jakarta selatan," cipete, jakarta selatan",rp 19m,4.0,500m²,3m²,Impossible building-to-land ratio; 
kost tebet barat dalam 22+1kt dekat gelael tis square," tebet, jakarta selatan","rp 6,90m",22.0,1m²,180m²,Impossible bedroom density; Unrealistically high price for building area; 
jual cepat rumah 236mtr tebet gudang peluru," tebet, jakarta selatan",rp 5m,1.0,1m²,236m²,Impossible bedroom density; Unrealistically high price for building area; 
one n only  rumah 1 lantai best area," kebayoran baru, jakarta selatan",rp 24m,3.0,90m²,200m²,Unrealistically high price for building area; 
rumah kebayoran baru. lt.626/lb.350. 5br. 4bath. shm. harga 70m,"jl. senjaya, kebayoran baru kebayoran baru, jakarta selatan",rp 70m,5.0,350m²,626m²,Unrealistically high price for building area; 
rumah widya chandra. lt.1715/lb.500. shm. harga 172m.," senayan, jakarta selatan",rp 172m,6.0,500m²,1715m²,Unrealistically high price for building area; 
dijual rumah mewah pondok pinang 3 bedroom2 550m2 harga nego," pondok pinang, jakarta selatan","rp 22,50m",3.0,5m²,550m²,Impossible bedroom density; Unrealistically high price for building area; 
rumah jl. niaga hijau pondok pinang 3 kamar tidur ukr 500m2 harga nego," pondok indah, jakarta selatan","rp 22,50m",3.0,5m²,550m²,Impossible bedroom density; Unrealistically high price for building area; 
rumah kebayoran baru. lt.650/lb.600. 5br. 6bath. harga 97m," kebayoran baru, jakarta selatan",rp 97m,5.0,600m²,650m²,Unrealistically high price for building area; 
dijual rumah jl. martimbang kebayoran baru ukr 865 harga nego,"jl. martimbang kebayoran baru, jakarta selatan",rp 47m,2.0,4m²,865m²,Impossible bedroom density; Unrealistically high price for building area; 
dijual murah rumah mewah di pondok indah jakarta selatan ," pondok indah, jakarta selatan",rp 13m,6.0,4000m²,227m²,Impossible building-to-land ratio; 
lebak bulus cirendeu luas 225 belakang villa cinere mas," lebak bulus, jakarta selatan",rp 2m,3.0,306m²,3m²,Impossible building-to-land ratio; 
dijual rumah mewah di selong/senopati/kebayoran baru jakarta std076," selong, jakarta selatan",rp 159m,6.0,670m²,1220m²,Unrealistically high price for building area; 
rumah tua di jl metro pondok indah jakarta selatan ,"jl metro pondok indah pondok indah, jakarta selatan","rp 41,90m",3.0,200m²,983m²,Unrealistically high price for building area; 
properti pilihan- rumah baru gaya eropa at kelapa dua depok ,"jln. akses ui kelapa dua depok  jagakarsa, jakarta selatan",rp 937jt,3.0,1m²,72m²,Impossible bedroom density; Unrealistically high price for building area; 
dijual rumah 3 lantai di daan mogot baru cluster jimbaran strategis ," daan mogot, jakarta barat","rp 6,50m",6.0,13m²,480m²,Impossible bedroom density; Unrealistically high price for building area; 
"dijual rumah green mansion 2,5 lt hunian aman dan nyaman di lokasi top"," cengkareng, jakarta barat","rp 5,10m",4.0,14m²,157m²,Impossible bedroom density; Unrealistically high price for building area; 
kost tawakal tomang 60kt mahasiswa karyawan trisakti untar roi tinggi," tomang, jakarta barat",rp 14m,64.0,272m²,216m²,Impossible bedroom density; 
dijual cepat rumah di  jl. pepaya ,"jl. pepaya, no. 2abc, kecamatan cengkareng tim., kota jakarta, daerah khusus ibukota jakarta 11730 cengkareng timur, jakarta barat","rp 1,65m",3.0,128m²,60175m²,Unrealistically low price for land area; 
"rumah kost baru 30 kamar penuh dkt binus kemanggisan, kebon jeruk","kemanggisan kemanggisan, jakarta barat",rp 9m,30.0,250m²,144m²,Impossible bedroom density; 
jual kost2an kebon jeruk jakarta barat," kebon jeruk, jakarta barat","rp 2,80m",10.0,100m²,156m²,Impossible bedroom density; 
kost2an aktif 56 kamar grogol rapi passive income jakbar," grogol, jakarta barat","rp 12,50m",56.0,550m²,387m²,Impossible bedroom density; 
jual murah cepat rumah di slipi grogol petamburan jakarta barat,"jl. k.s tubun ii  slipi petamburan jakarta barat slipi, jakarta barat",rp 15m,4.0,11m²,752m²,Impossible bedroom density; Unrealistically high price for building area; 
dijual rumah lama - hitung tanah uk 776m2 jakarta barat ," glodok, jakarta barat","rp 6,50m",2.0,0m²,776m²,Impossible bedroom density; Unrealistically high price for building area; 
rumah' dijual di matraman jakarta timur ," matraman, jakarta timur",rp 880jt,2.0,58m²,3000m²,Unrealistically low price for land area; 
turun harga rumah fully furnished dalam townhouse di bambu apus jakart," bambu apus, jakarta timur","rp 2,35",3.0,90m²,100m²,Unrealistically low price for land area; 
rumah tua hit tanah! harga miring tanah luas strategis duren sawit jakarta timur," duren sawit, jakarta timur","rp 9,50jt",1.0,200m²,452m²,Unrealistically low price for land area; 
rumah hitung tanah rawamangun dekat rs persahabatan," rawamangun, jakarta timur","rp 3,30m",1.0,1m²,196m²,Impossible bedroom density; Unrealistically high price for building area; 
2 rumah posisi hoek 217mtr jatinegara baru dekat klender buaran," jatinegara, jakarta timur","rp 2,90m",7.0,1m²,217m²,Impossible bedroom density; Unrealistically high price for building area; 
rumah cipinang jaya 372mtr jual cepat," cipinang, jakarta timur","rp 7,50m",6.0,40m²,372m²,Impossible bedroom density; Unrealistically high price for building area; 
rumah perumnas klender akses motor dekat pondok kopi buaran," duren sawit, jakarta timur",rp 750jt,3.0,1m²,80m²,Impossible bedroom density; Unrealistically high price for building area; 
rumah jakarta timur  4kt 3km 2 lantai harga 1m 500 juta bisa kpr," pasar rebo, jakarta timur","rp 1,25m",43.0,80m²,62m²,Impossible bedroom density; 
rumah tua menteng. lt.870/lb.500. 4br. harga 80m," menteng, jakarta pusat",rp 80m,4.0,500m²,870m²,Unrealistically high price for building area; 
eksklusif! townhouse cosmo park thamrin hunian modern di atas mall,"tanah abang tanah abang, jakarta pusat","rp 3,90m",3.0,6m²,270m²,Impossible bedroom density; Unrealistically high price for building area; 
dijual rumah luas ada taman depan & belakang di menteng," menteng, jakarta pusat",rp 85m,5.0,550m²,980m²,Unrealistically high price for building area; 
dijual rumah model kolonial di area menteng jakarta pusat std367," menteng, jakarta pusat",rp 65m,4.0,318m²,575m²,Unrealistically high price for building area; 
rumah minimalis baru carport 700jutaan di rawa selatan johar baru ,"jalan rawa selatan  johar baru, jakarta pusat",rp 840jt,32.0,73m²,25m²,Impossible bedroom density; 
dijual rumah bagus strategis harga menarik di menteng jakpus,"kec. menteng, kota jakarta pusat, daerah khusus ibukota jakarta 10310, indonesia menteng, jakarta pusat",rp 85m,5.0,488m²,980m²,Unrealistically high price for building area; 
rumah cantik 2 lantai sertipikat sudah shm," kemayoran, jakarta pusat",rp 600jt,60.0,60m²,60m²,Impossible bedroom density; 
"rumah baru dijual murah di rawasari, jakarta pusat ","jalan rawasari timur cempaka putih, jakarta pusat",rp 976jt,23.0,56m²,33m²,Impossible bedroom density; 
dijual rumah klasik tanah luas di menteng jakpus,"kec. menteng, kota jakarta pusat, daerah khusus ibukota jakarta 10310, indonesia menteng, jakarta pusat",rp 85m,5.0,488m²,980m²,Unrealistically high price for building area; 
"jarang ada!dijual rumah di jl banyuwangi,menteng,jakpus lt885m2 lb400m"," menteng, jakarta pusat",rp 93m,5.0,400m²,885m²,Unrealistically high price for building area; 
"rumah prime area ring 1 jl. teuku umar, menteng, jakarta pusat","jl. teuku umar menteng, jakarta pusat",rp 325m,10.0,1724m²,2629m²,Unrealistically high price for building area; 
rumah tua area gunung sahari jakpus zona komersial," gunung sahari, jakarta pusat","rp 7,90m",1.0,1m²,1m²,Impossible bedroom density; Unrealistically high price for building area; 
rumah mewah komplek elit di menteng jakarta pusat," menteng, jakarta pusat",rp 35m,1.0,200m²,1200m²,Unrealistically high price for building area; 
segera hadir properti humaira di percetakan negara ," johar baru, jakarta pusat",rp 430jt,2.0,462m²,23m²,Impossible building-to-land ratio; 
menteng jakarta pusat rumah american classic bagus menteng," menteng, jakarta pusat",rp 125m,4.0,800.0m²,1046m²,Unrealistically high price for building area; 
dijual rumah asri tanah luas di menteng jakarta pusat," menteng, jakarta pusat",rp 95m,7.0,400m²,723m²,Unrealistically high price for building area; 
dijual rumah besar galur di jakarta pusat,"letjen suprapto  jakarta pusat kecamatan johar baru, daerah khusus ibukota jakarta johar baru, jakarta pusat",rp 49m,6.0,114030m²,1667m²,Impossible building-to-land ratio; 
dijual cepat rumah diwasan elite menteng," menteng, jakarta pusat",rp 63m,3.0,300m²,629m²,Unrealistically high price for building area; 
dijual cepat rumah lama dikawasan elite sederet rumah dinas wapres ," menteng, jakarta pusat",rp 63m,3.0,300m²,629m²,Unrealistically high price for building area; 
"rumah tua di menteng jakpus, luas 600 meter-an lingkungan aman ten"," menteng, jakarta pusat",rp 63m,3.0,300m²,629m²,Unrealistically high price for building area; 
cempaka putih timur bebas banjir! akses 2 mobil jual murah & cepat 325,"jalan cempaka putih timur, cempaka putih timur kel., cempaka putih, jakarta pusat, 10510, indonesia cempaka putih, jakarta pusat","rp 4,40m",239.0,239m²,5m²,Impossible bedroom density; Impossible building-to-land ratio; 
rumah cantik nan mewah 2 lantai di menteng jakarta pusat," menteng, jakarta pusat",rp 150m,5.0,800m²,1046m²,Unrealistically high price for building area; 
"rumah 2 lantai bagus di kramat, jakarta pusat"," kramat, jakarta pusat","rp 2,80m",10.0,80m²,148m²,Impossible bedroom density; 
rumah 710m2 2lt jl ki mangunsarkoro menteng jakpus asri carpark n1074," menteng, jakarta pusat",rp 77m,4.0,7383m²,710m²,Impossible building-to-land ratio; 
hidden gem rumah asri di pusat menteng / hitung tanah,"jl. banyumas , menteng, kecamatan menteng, daerah khusus ibukota jakarta menteng, jakarta pusat",rp 75m,4.0,400m²,870m²,Unrealistically high price for building area; 
"punya rumah kos di jakarta pusat? mulai 800 jutaan, cashback 50 juta "," paseban, jakarta pusat",rp 800jt,10.0,80m²,40m²,Impossible bedroom density; 
rumah luas hook asri dijual ditengah kota jakarta area menteng,"jl. cikini raya, cikini, kec. menteng, jakarta, daerah khusus ibukota jakarta 10330, indonesia menteng, jakarta pusat",rp 68m,5.0,450m²,805m²,Unrealistically high price for building area; 
dijual cepat rumah di kramat jakarta pusat," kramat, jakarta pusat","rp 2,80m",10.0,80m²,148m²,Impossible bedroom density; 
rumah mewah menteng dekat hos cokroaminoto furnished davinci 2 lantai ,"jalan hos cokroaminoto, menteng, jakarta pusat, indonesia menteng, jakarta pusat",rp 150m,5.0,920m²,1100m²,Unrealistically high price for building area; 
"pejompongan raya, rumah tua, kokoh, terawat","jalan pejompongan raya, jakarta pusat 10270, indonesia bendungan hilir, jakarta pusat",rp 40m,7.0,7600m²,700m²,Impossible building-to-land ratio; 
"rumah kost2an 18 kamar, bungur besar, kemayoran","kemayoran kemayoran, jakarta pusat",rp 4m,18.0,174m²,215m²,Impossible bedroom density; 
rumah mewah sunter paradise ," sunter, jakarta utara",rp 9m,67.0,500m²,300m²,Impossible bedroom density; 
di jual rumah di kelapa gading," kelapa gading, jakarta utara","rp 2,84m",1.0,1m²,162m²,Impossible bedroom density; Unrealistically high price for building area; 
"jual cepat, rumah mewah ada pool dan lift siap huni di sunter agung "," sunter agung, jakarta utara","rp 10,50m",3.0,1m²,240m²,Impossible bedroom density; Unrealistically high price for building area; 
dijual butuh rumah muara karang molek luas 120m2 penjaringan jakut," pluit, jakarta utara","rp 3,70m",5.0,9m²,120m²,Impossible bedroom density; Unrealistically high price for building area; 
rumah baru dekat pik cluster bebas banjir ,"pantai indah selatan taman grisenda cluster lucky park pantai indah kapuk, jakarta utara","rp 6,11m",5.0,3m²,160m²,Impossible bedroom density; Unrealistically high price for building area; 
dijual rumah furnish 2 lantai cluster symphony golf island pik,"cluster symphony golf island pik penjaringan, jakarta utara","rp 3,50m",90.0,3m²,90m²,Impossible bedroom density; Unrealistically high price for building area; 
turun harga rumah minimalis permata biru kelapa gading," kelapa gading, jakarta utara","rp 1,80m",3.0,1m²,65m²,Impossible bedroom density; Unrealistically high price for building area; 
rumah janur kelapa gading 10x24 hoek 3 lantai jalanan lega," kelapa gading, jakarta utara",rp 6m,6.0,1m²,239m²,Impossible bedroom density; Unrealistically high price for building area; 
rumah baru 2 lantai full renovasi kelapa gading," kelapa gading, jakarta utara","rp 1,98m",3.0,1m²,60m²,Impossible bedroom density; Unrealistically high price for building area; 
"dijual cepat rumah 3 lantai di gading grande, kelapa gading, jakarta utara"," kelapa gading, jakarta utara","rp 3,80jt",4.0,164m²,101m²,Unrealistically low price for land area; 
best deal! dijual rumah siap huni ditanah pasir penjaringan ," penjaringan, jakarta utara","rp 1,40m",3.0,5m²,105m²,Impossible bedroom density; Unrealistically high price for building area; 
rumah dijual di bcs kelapa gading jakarta utara,"bcs kelapa gading, jakarta utara","rp 2,20m",3.0,0.00m²,102.00m²,Impossible bedroom density; Unrealistically high price for building area; 
dijual rumah layar permai pik 4 kamar tidur 600m2 harga nego," pantai indah kapuk, jakarta utara","rp 13,50m",4.0,8m²,232m²,Impossible bedroom density; Unrealistically high price for building area; 
"tropical vibes, rumah 3 lantai baru di miami pik 2, harga nego"," pantai indah kapuk 2, jakarta utara",rp 2m,3.0,871m²,45m²,Impossible building-to-land ratio; 
dijual rumah 2 lantai cluster hawaii luas 60m2 pik 2 jakarta," pantai indah kapuk 2, jakarta utara","rp 2,60m",2.0,0m²,60m²,Impossible bedroom density; Unrealistically high price for building area; 
rumah ready siap huni sudah di renovasi di grisenda pantai indah kapuk,"jalan perumahan taman grisendra, kapuk muara kel., penjaringan, jakarta utara, 14460, indonesia penjaringan, jakarta utara","rp 6,30m",3.0,2702m²,171m²,Impossible building-to-land ratio; 
rumah semper jakarta utara dijual b u aja!," semper, jakarta utara","rp 3,80m",6.0,2m²,1100m²,Impossible bedroom density; Unrealistically high price for building area; 
rumah kelapa gading lokasi strategis posisi hoek jalan lebar," kelapa gading, jakarta utara",rp 11m,3.0,1m²,390m²,Impossible bedroom density; Unrealistically high price for building area; 
siap huni! rumah hook cendana golf pik full furnished interior mewah,"jalan pantai indah selatan i, penjaringan, jakarta utara, indonesia pantai indah kapuk, jakarta utara","rp 1,35m",3.0,5m²,234m²,Impossible bedroom density; Unrealistically high price for building area; 
hot sale rumah furnished 2lt the villas at kebagusan jakarta selatan,"jalan pluit kencana 2, pluit kel., penjaringan, jakarta utara, 14450, indonesia pluit, jakarta utara","rp 10,34m",7.0,14m²,418m²,Impossible bedroom density; Unrealistically high price for building area; 
rumah kost ekslusif 3 lantai full furnished cambridge dormitory di pik," pantai indah kapuk 2, jakarta utara",rp 2m,7.0,40m²,40m²,Impossible bedroom density; 
"jual cepat, rumah rapih minimalis 3lt siap huni di sunter agung "," sunter agung, jakarta utara","rp 3,90m",4.0,1m²,96m²,Impossible bedroom density; Unrealistically high price for building area; 
"jual cepat! rumah 3 lantai siap huni di pademangan, bisa nego"," pademangan, jakarta utara","rp 2,20m",4.0,0m²,94m²,Impossible bedroom density; Unrealistically high price for building area; 
rumah dekat kota strategis cinangka  sawangan depok bni ," sawangan, depok",rp 396jt,3.0,30m²,50m²,Impossible bedroom density; 
"over kredit dp 53jt nyamansawangan, depok"," sawangan, depok",rp 53jt,2.0,55m²,100m²,Unrealistically low price for land area; 
rumah skandinavia di sawangan swimming pool taman yang hijau,"sawangan sawangan, depok","rp 4,50m",6.0,1m²,868m²,Impossible bedroom density; Unrealistically high price for building area; 
rumah murah milenieal murah 2 lantai dekat stasiun citayam.mg," sawangan, depok",rp 386jt,2.0,48m²,2m²,Impossible building-to-land ratio; 
dijual 16 unit rumah kontrakan di sawangan lokasi strategis," sawangan, depok","rp 3,60m",22.0,118m²,1000m²,Impossible bedroom density; 
siap huni di griya mustika 10,"pasir putih gang kemang  sawangan, depok",rp 250jt,2.0,1m²,50m²,Impossible bedroom density; Unrealistically high price for building area; 
rumah depok minimalis di dalam cluster - donny," sawangan, depok",rp 450jt,3.0,60000m²,98000m²,Unrealistically low price for land area; 
over kredit dp 49jt cibinong bogor @ graha selaras dekat stasiun krl," cilodong, depok",rp 49jt,2.0,55m²,112m²,Unrealistically low price for land area; 
dijual harga bagus di perumahan lokasi cilodong," cilodong, depok",rp 650jt,2.0,42m²,3m²,Impossible building-to-land ratio; 
"take over murah dp 39jt sisa tenor 17th lagi cilodong,depok"," cilodong, depok","rp 39,31jt",2.0,70m²,88m²,Unrealistically low price for land area; 
"over kredit spesial hanya dp 39jt cilodong,depok @ veronica residence"," cilodong, depok","rp 39,80jt",2.0,70m²,88m²,Unrealistically low price for land area; 
rumah murah depok 5jtan cluster lantana,"grand depok city culster cepy cilodong, depok","rp 1,49m",4.0,100m²,3m²,Impossible building-to-land ratio; 
rumah mewah 2 lantai lokasi cilodong depok dekat gdc dan stasiun," cilodong, depok","rp 1,20m",3.0,890m²,77m²,Impossible building-to-land ratio; 
full furnish  nempel jalan raya utama  hanya 10 menit stasiun krl," cilodong, depok",rp 690jt,3.0,65m²,3m²,Impossible building-to-land ratio; 
"hunian nyaman gaya eropa, akses strategis, lokasi bergengsi. hot deals","jln. akses ui cimanggis depok  cimanggis, depok",rp 1.000jt,3.0,69m²,55m²,Unrealistically low price for land area; 
mutiara putih residence - hunian mewah bergaya eropa.5 menit kampus ui,"kelapa dua depok  cimanggis, depok",rp 1.000jt,3.0,60m²,55m²,Unrealistically low price for land area; 
"rumah cluster 2 lantai, akses dekat lrt dan tol cibubur"," cimanggis, depok",rp 898jt,3.0,2m²,57m²,Impossible bedroom density; Unrealistically high price for building area; 
"bangunan megah, gak kalah dari perumahan ibu kota. free biaya-biaya"," cimanggis, depok",rp 900jt,3.0,160m²,2m²,Impossible building-to-land ratio; 
puri kintamani residence," cimanggis, depok",rp 800jt,1.0,1m²,1m²,Impossible bedroom density; Unrealistically high price for building area; 
banjir promo! 3 juta free semua biaya! bebas cicilan 1 tahun pertama!," cimanggis, depok",rp 500jt,2.0,40m²,1m²,Impossible building-to-land ratio; 
jual murah rumah siap huni dp 0 cimanggis depok 5 menit lrt cibubur ,"harjamukti cimanggis, depok","rp 1,29m",3.0,100m²,60264m²,Unrealistically low price for land area; 
"investasi properti strategis cibubur: rumah nyaman mulai 1,4 miliar","jalan penggilingan baru 1 dalam, dukuh kel., kramat jati, jakarta timur, 13550, indonesia cimanggis, depok","rp 1,40m",3.0,100m²,6m²,Impossible building-to-land ratio; 
nura residence cibubur hunian dekat dengan trans studio mall cibubur,"jalan pringgondani 3, harjamukti kel., cimanggis, depok, 16454, indonesia cimanggis, depok","rp 1,41m",3.0,105m²,6m²,Impossible building-to-land ratio; 
rumah mewah 5+2 kamar di cinere – cocok untuk keluarga besar!,"cinere cinere, depok","rp 4,50m",360.0,500m²,360m²,Impossible bedroom density; 
for sale brand new cinere depok," cinere, depok","rp 2,10m",4.0,2230m²,90m²,Impossible building-to-land ratio; 
rumah siap huni cinere depok lokasi strategis ," cinere, depok",rp 4m,3.0,100m²,30000000m²,Unrealistically low price for land area; 
cinere bukit cinere rumah dalam cluster dekat pintu tol brigif," cinere, depok","rp 1,50m",70.0,90m²,70m²,Impossible bedroom density; 
dijual rumah baru bangun di cinere blok b.,"jl terusan blok b  cinere, depok","rp 2,30m",43.0,180m²,84m²,Impossible bedroom density; 
"dijual rumah mewah dg swimming pool siap huni, puri cirene depok"," cinere, depok",rp 15m,7.0,6m²,800m²,Impossible bedroom density; Unrealistically high price for building area; 
"rumah tinggal dan ruang usaha strategis di cinere, investasi ideal ","cinere cinere, depok","rp 4,50m",3.0,2m²,242m²,Impossible bedroom density; Unrealistically high price for building area; 
dijual rumah lokasi bagus," cinere, depok",rp 55m,4.0,300m²,450m²,Unrealistically high price for building area; 
"s595.rumah 2lt model tropis hrg mulai 1,6m-an promo bonus & free biaya","pancoran mas depok pancoran mas, depok","rp 1,69m",3.0,882m²,72m²,Impossible building-to-land ratio; 
dijual rumah mewah audita residence depok dekat stasiun," pancoran mas, depok","rp 1,29m",3.0,2200m²,105m²,Impossible building-to-land ratio; 
"rumah idaman kaula muda, free elektronik"," jl. kemang 1 blok j no.11, sukmajaya, kec. sukmajaya, kota depok, jawa barat 16412  sukmajaya, depok",rp 1m,34.0,80m²,88m²,Impossible bedroom density; 
jual cepat rumah sukmajaya depok ,"sukmajaya sukmajaya, depok",rp 630jt,2.0,9m²,114m²,Impossible bedroom density; 
di jual rumah siap huni di depok,"griya kencana sukmajaya, depok","rp 2,20m",4.0,36m²,157m²,Impossible bedroom density; 
rumah murah mezzanine modern 3 kamar tidur dkt stasiun citayam," citayam, depok",rp 238jt,3.0,30m²,50m²,Impossible bedroom density; 
dijual rumah take over murah di depok 45 juta saja,"jalan raya cipayung depok cipayung, depok",rp 30jt,2.0,39m²,68m²,Unrealistically low price for land area; 
over kredit 60jt nego tugu macan citayam," cipayung, depok",rp 60jt,2.0,4m²,60m²,Impossible bedroom density; 
rumah murah didepok dekat stasiun citayam.ede," cipayung, depok",rp 285jt,2.0,3m²,40m²,Impossible bedroom density; 
rumah murah didepok dekat stasiun citayam.ede," cipayung, depok",rp 407jt,2.0,6m²,36m²,Impossible bedroom density; 
rmh 2 lantai di cluster terbaik yang pernah ada ,"jl. pemda - pakansari cibinong  beji, depok",rp 500jt,60.0,60m²,60m²,Impossible bedroom density; 
rumah 2 lantai kuldesak dalam townhouse di beji depok,"jalan halmahera, beji kel., beji, depok, 16421, indonesia beji, depok","rp 1,45m",34.0,155m²,98m²,Impossible bedroom density; 
rumah mewah siap huni di selatan jakarta," beji, depok","rp 1,50m",3.0,105m²,2m²,Impossible building-to-land ratio; 
rumah klasik tanah baru lokasi strategis bebas banjir," beji, depok","rp 1,29m",4.0,125000666m²,85m²,Impossible building-to-land ratio; 
rumah keren minimalis modern  di cinere,"cinere limo, depok","rp 2,15m",34.0,200m²,144m²,Impossible bedroom density; 
dijual rumah di limo depok 5 menit ke pintu tol bebas biaya2 ,"jl limo depok limo, depok",rp 499jt,3.0,2m²,30m²,Impossible bedroom density; Unrealistically high price for building area; 
rumah mewah di pusat kota depok green cemara town house,"komo, krukut, kota depok limo, depok",rp 850jt,3.0,65m²,97850m²,Unrealistically low price for land area; 
cinere limo tanah 138 dalam cluster,"138 cinere, limo ind limo, depok","rp 1,08m",1.0,0m²,138m²,Impossible bedroom density; Unrealistically high price for building area; 
dijual rumah 2 lantai luas ideal keluarga! di taman sari harapan indah,"taman sari hi2 harapan indah, bekasi","rp 1,50m",4.0,12m²,126m²,Impossible bedroom density; 
dijual rumah siaphuni harga murah di boulevard hijau bekasi,"boulevard hijau harapan indah, bekasi",rp 965jt,3.0,0m²,94m²,Impossible bedroom density; Unrealistically high price for building area; 
dijual rumah full furnish di perumahan alamanda harapan indah," harapan indah, bekasi","rp 1,30m",3.0,94m²,0m²,Impossible building-to-land ratio; 
siapa cepat dapat! rumah rapi murah di cluster taman sari," harapan indah, bekasi","rp 1,40m",4.0,150m²,1441400000m²,Unrealistically low price for land area; 
"dijual termurah rumah di taman harapan  baru,harapan indah bekasi","taman harapan baru harapan indah, bekasi",rp 440jt,60.0,45m²,60m²,Impossible bedroom density; 
dijual rumah cantik," harapan indah, bekasi","rp 1,40m",4.0,1.5m²,144m²,Impossible bedroom density; Unrealistically high price for building area; 
dijual cepat rumah di komplek alamanda," bekasi utara, bekasi",rp 550jt,2.0,6m²,12m²,Impossible bedroom density; 
jual rumah murah bebas banjir di jalan alpukat raya bisa kpr,"jl. alpukat raya 20-26, rt.007/rw.011, pejuang, kecamatan medan satria, kota bks, jawa barat 17131 medan satria, bekasi","rp 1,22m",4.0,7102m²,76m²,Impossible building-to-land ratio; 
rumah tingkat 2.5 lantai mewah baru strategis hoki kawasan elite murah," medan satria, bekasi",rp 2m,5.0,1m²,1m²,Impossible bedroom density; Unrealistically high price for building area; 
dijual kontrakan 8 pintu 3 petak bebas banjir lingkungan asri," jatiasih, bekasi","rp 1,40m",8.0,1m²,190m²,Impossible bedroom density; Unrealistically high price for building area; 
rumah cantik scandinavian di jatiluhur jatiasih - bekasi," jatiasih, bekasi","rp 1,58m",108.0,2m²,158m²,Impossible bedroom density; Unrealistically high price for building area; 
dijual tanah zona perumahan di jatiasih bekasi," jatiasih, bekasi",rp 20m,7.0,120m²,2085m²,Unrealistically high price for building area; 
rumah subsidi pondok permata babelan,"jl.raya pertamina kel.bunibakti kec.babelan kabupaten bekasi  babelan, bekasi",rp 120jt,2.0,6m²,60m²,Impossible bedroom density; 
di jual rumah bagus murah siap huni,"villa gading harapan 3 babelan, bekasi",rp 350jt,2.0,45350m²,60m²,Impossible building-to-land ratio; 
dijual hunian di pondok ungu sektor harga cekatann (k0945),"jalan pondok ungu permai sektor v bahagia, bekasi kabupaten 17612, indonesia babelan, bekasi",rp 380jt,2.0,5m²,60m²,Impossible bedroom density; 
rumah siap huni di pondok cipta bintara – harga terjangkau ," bekasi barat, bekasi",rp 600jt,2.0,60m²,1m²,Impossible building-to-land ratio; 
"rumah murah banget turun harga lagi di griya bintara, 5mnt pondok kopi","griya bintara , bekasi barat, 5 menit pondok kopi bekasi barat, bekasi","rp 1,30m",250.0,225m²,5m²,Impossible bedroom density; Impossible building-to-land ratio; 
rumah murah daerah jatiasih bekasi," bekasi barat, bekasi",rp 950jt,31.0,50m²,90m²,Impossible bedroom density; 
new townhouse sentosa resident bekasi," bekasi barat, bekasi","rp 1,20m",3.0,80m²,2000m²,Unrealistically low price for land area; 
cluster townhouse sentosa resident bekasi," bekasi barat, bekasi","rp 1,20m",3.0,75m²,2000m²,Unrealistically low price for land area; 
dijual rumah bagus di pondok gede timur," pondok gede, bekasi","rp 1,25m",23.0,90m²,130m²,Impossible bedroom density; 
super murah !! rumah siap huni halaman belakang 10 menit tol cibubur," jatisampurna, bekasi","rp 1,20m",3.0,80m²,2025m²,Unrealistically low price for land area; 
dijual rumah minimalis modern murah di kranggan bekasi,"jalan raya kranggan, bekasi kota, indonesia jatisampurna, bekasi",rp 750jt,32.0,70m²,48m²,Impossible bedroom density; 
rumah kontrakan baru 16 pintu di bekasi selatan," bekasi selatan, bekasi",rp 7m,2.0,28m²,750m²,Unrealistically high price for building area; 
rumah baru di perum 1 kranji,"komplek perumnas 1 kayuringin. kranji bekasi selatan, bekasi","rp 1,35m",34.0,130m²,100m²,Impossible bedroom density; 
over kredit 55jt bogor asri cibinong - posisi hook,"kampung kandang roda, bogor kabupaten, 16912, indonesia cibinong, bogor",rp 55jt,2.0,45m²,98m²,Unrealistically low price for land area; 
take over rumah dp49jt ccln 2jtan dkt stasiun @ grand raya tajurhalang," cibinong, bogor","rp 49,01jt",2.0,36m²,72m²,Unrealistically low price for land area; 
hunian dijual minimalis lt 90 di perumahan nirwana estate bekasi,"jalan nirwana estate, pakansari kel., cibinong, bogor kabupaten, 16915, indonesia cibinong, bogor",rp 775jt,2.0,1m²,90m²,Impossible bedroom density; Unrealistically high price for building area; 
dijual rumah minimalis modern di bogor dekat jakarta termurah,"cilandak, jakarta, jabodetabek, indonesia cileungsi, bogor",rp 185jt,2.0,2m²,60m²,Impossible bedroom density; 
perumahan 2 lantai dicibubur hanya 600 jutaan 8 menit ke pintu tol," cileungsi, bogor",rp 660jt,23.0,55m²,60m²,Impossible bedroom density; 
dijual rumah hunian idaman citra indah 5834a,"jl raya cibubur cileungsi  cileungsi, bogor",rp 485jt,1.0,10m²,10m²,Impossible bedroom density; 
dijual rumah kost 10 kamar siap pakai daerah cileungsi bogor ," cileungsi, bogor","rp 1,30m",10.0,90m²,300m²,Impossible bedroom density; 
dijual over kredit rumah grand nusa indah cileungsi," cileungsi, bogor","rp 395,40jt",2.0,631m²,62m²,Impossible building-to-land ratio; 
jual cepat rumah kota wisata cibubur dekat tol kota wisata cibubur,"kota wisata cibubur cileungsi, bogor","rp 1,48m",34.0,135m²,105m²,Impossible bedroom density; 
dijual cepat rumah baru kota wisata mulai dari 3m-an gaya american ,"jalan raya kota wisata, gunung putri, bogor kabupaten, 16968, indonesia cileungsi, bogor",rp 3m,5.0,1m²,120m²,Impossible bedroom density; Unrealistically high price for building area; 
dijual murah rumah plus warung dalam cluster ciputra citra indah city,"jl cibubur cileungsi cileungsi, bogor",rp 250jt,3.0,21m²,60m²,Impossible bedroom density; 
yw. dijual cepat rumah legenda wisata siap huni 2lantai ,"legenda wisata cileungsi, bogor","rp 2,10m",5.0,156m²,5m²,Impossible building-to-land ratio; 
rumah dp 0% free ppn  meranti 1a citra indah city timur cibubur,"jl. raya jonggol km 23.2 - kec. jonggol cileungsi kab. bogor 16830 jonggol, bogor",rp 271jt,221.0,22m²,72m²,Impossible bedroom density; 
dijual rumah tinggal asri perumahan citra indah city," jonggol, bogor","rp 1,29m",3.0,1m²,222m²,Impossible bedroom density; Unrealistically high price for building area; 
dijual rumah murah siap huni 3 lt newly renovated kota wisata cibubur," gunung putri, bogor","rp 2,70m",4.0,3m²,180m²,Impossible bedroom density; Unrealistically high price for building area; 
dijual cepat rumah di legenda wisata cibubur ,"legenda wisata cibubur  gunung putri, bogor","rp 1,20m",3.0,60m²,2m²,Impossible building-to-land ratio; 
lagoon park cluster terbaru di bukit golf dengan type modern,"jalan desa gunung putri, gunung putri, bogor kabupaten, 16961, indonesia gunung putri, bogor","rp 1,10m",3.0,1m²,1m²,Impossible bedroom density; Unrealistically high price for building area; 
dijual rumah cantik sudah renovasi di kotawisata cibubur," gunung putri, bogor","rp 1,65m",3.0,15m²,105m²,Impossible bedroom density; 
rumah siap huni di kota wisata cibubur cluster pesona toronto,"cluster pesona toronto gunung putri, bogor","rp 1,70m",2.0,2m²,105m²,Impossible bedroom density; Unrealistically high price for building area; 
rumah dengan tanah luas full furnish di bukit golf riverside arcadia h," gunung putri, bogor","rp 1,25m",21.0,45m²,213m²,Impossible bedroom density; 
(ls) dijual cepat turun harga rumah 2lt  murah di kota wisata," gunung putri, bogor","rp 2,10m",45.0,200m²,180m²,Impossible bedroom density; 
"dijual rumah nyaman di kota wisata, cibubur","kota wisata gunung putri, bogor","rp 4,70m",5.0,240m²,4m²,Impossible building-to-land ratio; 
dijual cepat rumah 2lt siap huni di kota wisata di dalam cluster,"kota wisata gunung putri, bogor","rp 2,45m",4.0,16m²,180m²,Impossible bedroom density; Unrealistically high price for building area; 
rumah baru siap huni swiming pool best view lokasi cluster depan ,"cluster taman yunani sentul city sentul city, bogor","rp 4,20m",4.0,1m²,216m²,Impossible bedroom density; Unrealistically high price for building area; 
dijual rumah baru minimalis klasik di legian sentul city - by owner,"cluster taman legian sentul city, bogor","rp 2,20m",3.0,3200m²,140m²,Impossible building-to-land ratio; 
tanah or kavling cluster bgh sentul city,"sentul city sentul city, bogor","rp 1,40m",3.0,10m²,180m²,Impossible bedroom density; 
 dijual rumah nyaman sejuk bagus furnis deket victoria sentul ssr422," sentul city, bogor",rp 490jt,3.0,30m²,61m²,Impossible bedroom density; 
dijual rumah baru 2 lantai klasik minimalis di venesia sentul city,"sentul city sentul city, bogor","rp 1,80m",160.0,23m²,105m²,Impossible bedroom density; 
" dijual rumah+swimmingpool di cluster hilltop, sentul city ssr626 a26"," sentul city, bogor","rp 4,70m",5.0,250m²,2m²,Impossible building-to-land ratio; 
rumah sentul city murah cluster depan argenia ," sentul city, bogor","rp 1,75m",3.0,130m²,2m²,Impossible building-to-land ratio; 
di jual rumah taman parahyangan golf,"jl situ indah golf,taman parahyangan,sentul city, bogor jawa barat sentul city, bogor",rp 13m,7.0,600m²,1m²,Impossible building-to-land ratio; 
over kredit dp murah 35jt di ciseeng bogor di bentang village," gunung sindur, bogor","rp 35,02jt",2.0,40m²,60m²,Unrealistically low price for land area; 
rumah free dp cukup 2jt all in dekat stasiun cilebut,"jl kencana kelurahan kencana kecamatan tanah sareal bogor kota  tanah sareal, bogor",rp 720jt,23.0,70m²,72m²,Impossible bedroom density; 
dijual cepat rumah free biaya akad bukit cimanggu city tanah luas," tanah sareal, bogor","rp 1,56m",34.0,150m²,106m²,Impossible bedroom density; 
jual kosan syak ipb (4 kamar) dekat (kampus ipb) kost baru bogor barat," bogor barat - kota, bogor",rp 825jt,4.0,62m²,30000m²,Unrealistically low price for land area; 
jual kosan syak ipb (4 kamar) dekat (kampus ipb) kost baru bogor barat," bogor barat - kota, bogor",rp 825jt,4.0,60m²,30000m²,Unrealistically low price for land area; 
"dijual rumah 1 lantai estetik dan strategis di bogor, jawa barat.","bogor bogor barat - kota, bogor",rp 75m,7.0,250m²,3460m²,Unrealistically high price for building area; 
rumah villa + kebun buah2an  di  leuwiliang bogor  jual cepat,"jl. leuwibatu bogor barat - kota, bogor","rp 1,50m",1.0,80m²,4975m²,Unrealistically low price for land area; 
dijual rumah mewah dalam perumahan bojonggede bogor ,"perumahan bojong depok baru 1 blok ne 5 ( gaperi 1 )  bojonggede, bogor",rp 750jt,21.0,90m²,124m²,Impossible bedroom density; 
dijual rumah terlaris termurah viral dekat stasiun citayam dpnol," bojonggede, bogor","rp 478,40jt",2.0,36m²,500000m²,Unrealistically low price for land area; 
dijual rumah terlaris termurah viral dekat stasiun citayam depok ," bojonggede, bogor","rp 556,70jt",3.0,53m²,500000m²,Unrealistically low price for land area; 
dijual murah rumah siap huni di bojonggede gratis motor matic,"bojonggede kabupaten bogor jawa barat bojonggede, bogor",rp 492jt,40.0,1m²,72m²,Impossible bedroom density; Unrealistically high price for building area; 
